adapter_id,port_id,implementation,baseline,repository_verification,target_level,production_live_test_required
ADP-SPIRE-IDENTITY,IP-IDENTITY,SPIFFE/SPIRE,1.15.2,contract-harness,IPS-C3,yes
ADP-OPA-PDP,IP-PDP,Open Policy Agent,1.16.2,contract-harness,IPS-C3,yes
ADP-ISTIO-MESH,IP-MESH,Istio/Envoy,1.31.0,contract-harness,IPS-C3,yes
ADP-OTEL-OBS,IP-OBS,OpenTelemetry Collector,0.160.0,contract-harness,IPS-C2,yes
ADP-NATS-BUS,IP-BUS,NATS/JetStream,2.14.5,contract-harness,IPS-C2,yes
ADP-POSTGRES-STATE,IP-STATE,PostgreSQL,18.6,contract-harness,IPS-C2,yes
ADP-K8S-EDGE,IP-EDGE,Kubernetes/K3s,Kubernetes 1.37.0,contract-harness,IPS-C3,yes
ADP-KAFKA-BUS,IP-BUS,Apache Kafka,4.3.1,contract-harness,IPS-C2,yes
ADP-K3S-EDGE,IP-EDGE,K3s,1.36.x+k3s,contract-harness,IPS-C3,yes
